{
    "fun": "grezzo",
    "args": [
        10
    ],
    "n_threads": 1,
    "seq_iter": 16,
    "iter": 16,
    "mean": 0.00021515620755963027,
    "variance": 9.947140003955934e-11
}