{
    "fun": "grezzo",
    "args": [
        10
    ],
    "n_threads": 8,
    "seq_iter": 2,
    "iter": 16,
    "mean": 0.000448224222054705,
    "variance": 1.991386670153413e-09
}