{
    "fun": "grezzo",
    "args": [
        10
    ],
    "n_threads": 2,
    "seq_iter": 8,
    "iter": 16,
    "mean": 0.0002773749001789838,
    "variance": 1.1122214027220915e-09
}