{
    "fun": "grezzo",
    "args": [
        10
    ],
    "n_threads": 4,
    "seq_iter": 4,
    "iter": 16,
    "mean": 0.00030791660537943244,
    "variance": 1.3248702061283957e-10
}