{
    "fun": "just_wait",
    "args": [
        1
    ],
    "n_threads": 8,
    "seq_iter": 2,
    "iter": 16,
    "mean": 0.027088887931313366,
    "variance": 9.23833551887037e-06
}